{
  "students": [
    {
      "firstName": "Tristan",
      "lastName": "Idolor",
      "dob": "2003-03-12",
      "grade": "12",
      "id": 1
    },
    {
      "firstName": "Troy",
      "lastName": "Franks",
      "dob": "2003-08-16",
      "grade": "10",
      "id": 2
    },
    {
      "firstName": "Harsingh",
      "lastName": "Sekhon",
      "dob": "2003-04-13",
      "grade": "11",
      "id": 3
    },
    {
      "firstName": "Kevin",
      "lastName": "Le Huu",
      "dob": "2003-06-15",
      "grade": "11",
      "id": 4
    },
    {
      "firstName": "Jaskaran",
      "lastName": "Sran",
      "dob": "2003-05-14",
      "grade": "12",
      "id": 5
    }
  ]
}